x_value,total_1
0,0.25843318317114294
1,0.33384256522270206
2,0.29656538825717993
3,0.3112034577542667
4,0.3112034577542667
5,0.3243431660349577
6,0.31154175265075923
7,0.283425679976489
8,0.3112034577542667
9,0.2973145688653779
10,0.2973145688653779
11,0.3062224024718066
12,0.31021905333022903
13,0.33938153451132186
14,0.30372855838411583
15,0.3254306415396481
16,0.29671935649008657
17,0.2761157384560211
18,0.2915956146170119
19,0.31154175265075923
20,0.31154175265075923
21,0.3175127583821783
22,0.2976528637618704
23,0.2858142430038846
24,0.2578818357051682
25,0.284174860584687
26,0.284174860584687
27,0.27313906552408407
28,0.283425679976489
29,0.283425679976489
30,0.283425679976489
31,0.2649691308835612
32,0.2845131554811794
33,0.2854759481073921
34,0.2928826431734526
35,0.28412619715664045
36,0.28412619715664045
37,0.29861565638808296
38,0.2650695866300665
39,0.2710279902327779
40,0.2563970828069092
41,0.2563970828069092
42,0.2563970828069092
43,0.26375002398337977
44,0.2797267515596515
45,0.2847267674991941
46,0.2847267674991941
47,0.2915956146170119
48,0.25191140322539396
49,0.2583989900246334
50,0.2926830901217023
51,0.29868983988749986
52,0.283425679976489
53,0.27845590633632095
54,0.27028597169579804
55,0.27028597169579804
56,0.2786377708978328
57,0.27028597169579804
58,0.2786377708978328
59,0.2786377708978328
60,0.284174860584687
61,0.28412150133035907
62,0.284174860584687
63,0.29953997414472966
64,0.2973145688653779
65,0.28393963676884715
66,0.283425679976489
67,0.2563970828069092
68,0.2563970828069092
69,0.31094684995516886
70,0.283425679976489
71,0.2915956146170119
72,0.28393963676884715
73,0.28393963676884715
74,0.2963515484245983
75,0.3243431660349577
76,0.2995515239575436
77,0.30732343897684866
78,0.30732343897684866
79,0.2931617886892621
80,0.26684591837364513
81,0.2654798761609907
82,0.2654798761609907
83,0.21622877735663845
84,0.24342105263157893
85,0.2852407242915523
86,0.27046783625730997
87,0.2669337700639581
88,0.2669337700639581
89,0.26531619805563
90,0.2636750490563073
91,0.28393963676884715
92,0.283425679976489
93,0.283425679976489
94,0.2853127903593483
95,0.26375002398337977
96,0.2931617886892621
97,0.3047353228977028
98,0.3047353228977028
99,0.2931617886892621
100,0.284174860584687
101,0.283425679976489
102,0.2941837306961577
103,0.28588842650330143
104,0.28588842650330143
105,0.2710279902327779
106,0.2832118401439074
107,0.29861565638808296
108,0.27240114382327896
109,0.27240114382327896
110,0.2928259804245862
111,0.27845590633632095
112,0.2650482026468084
113,0.3009745310818509
114,0.3009745310818509
115,0.25207688214479673
116,0.2716612427179201
117,0.2716612427179201
118,0.2563970828069092
119,0.2573099415204678
120,0.27184310727943195
121,0.2843567251461988
122,0.2925907566087464
123,0.2925907566087464
124,0.2871070261762202
125,0.26375002398337977
126,0.27028597169579804
127,0.2941837306961577
128,0.2845131554811794
129,0.2715870592185032
130,0.2715870592185032
131,0.284800950998611
132,0.30732343897684866
133,0.2695367910876001
134,0.2716612427179201
135,0.28630389035302123
136,0.3205286807553344
137,0.3205286807553344
138,0.29289670213971697
139,0.2769381037750289
140,0.3104542771460688
141,0.2768885523082594
142,0.2768885523082594
143,0.3118295481681908
144,0.30760258449265815
145,0.32651811704433853
146,0.2987403392665608
147,0.2987403392665608
148,0.2970793450495381
149,0.26393188854489164
150,0.2853127903593483
151,0.2944628762119672
152,0.2944628762119672
153,0.284174860584687
154,0.2970793450495381
155,0.2997031318927734
156,0.2926830901217023
157,0.2926830901217023
158,0.3047353228977028
159,0.283425679976489
160,0.2853127903593483
161,0.293343653250774
162,0.293343653250774
163,0.29727939606720116
164,0.32408655823585975
165,0.3104542771460688
166,0.31021905333022903
167,0.31021905333022903
168,0.2970793450495381
169,0.29656538825717993
170,0.31021905333022903
171,0.29656538825717993
172,0.29656538825717993
173,0.2973145688653779
174,0.32408655823585975
175,0.2978071416744779
176,0.32408655823585975
177,0.2865418118142574
178,0.2865418118142574
179,0.3161082737292624
180,0.29248035378308446
181,0.319441205250644
182,0.31568041343479203
183,0.31568041343479203
184,0.27845590633632095
185,0.27028597169579804
186,0.27028597169579804
187,0.3243431660349577
188,0.30877814444155305
189,0.30877814444155305
190,0.2941837306961577
191,0.284174860584687
192,0.27845590633632095
193,0.31094684995516886
194,0.33632203861296606
195,0.33632203861296606
196,0.2716612427179201
197,0.27688973226407065
198,0.30153376301335183
199,0.30153376301335183
200,0.2871070261762202
201,0.27028597169579804
202,0.31094684995516886
203,0.2978071416744779
204,0.2978071416744779
205,0.3251740337405502
206,0.311366763125142
207,0.2981668205542285
208,0.31159220692073014
209,0.26373293124861946
210,0.26373293124861946
211,0.31354171413452286
212,0.3126292281554497
213,0.3254306415396481
214,0.3352345631082756
215,0.3352345631082756
216,0.30465711037712434
217,0.31400449917757167
218,0.292746908661339
219,0.27820213768558505
220,0.27820213768558505
221,0.25750571448029086
222,0.2925907566087464
223,0.27028597169579804
224,0.27028597169579804
225,0.27028597169579804
226,0.26375002398337977
227,0.2931617886892621
228,0.2964841326742468
229,0.2964841326742468
230,0.2978071416744779
231,0.2716612427179201
232,0.2928259804245862
233,0.2928067138729489
234,0.2928067138729489
235,0.28031236255781933
236,0.2653288850101849
237,0.2853127903593483
238,0.28393963676884715
239,0.28393963676884715
240,0.3024133414735542
241,0.30080126535331875
242,0.3030300045629587
243,0.31916205973483447
244,0.27028597169579804
245,0.27028597169579804
246,0.3060223514541435
247,0.30784296491769214
248,0.311366763125142
249,0.27845590633632095
250,0.3126912322382345
251,0.3126912322382345
252,0.285550131606809
253,0.29822705484445106
254,0.32147347621492084
255,0.31267968242542055
256,0.2715870592185032
257,0.29656538825717993
258,0.3018129085291613
259,0.2978071416744779
260,0.31007923196425813
261,0.2797569938590261
262,0.2871070261762202
263,0.2871070261762202
264,0.306301496969953
265,0.27845590633632095
266,0.2931617886892621
267,0.31154175265075923
268,0.29289670213971697
269,0.29289670213971697
270,0.31540126791898254
271,0.314307259844291
272,0.3104542771460688
273,0.284800950998611
274,0.3118295481681908
275,0.29910822919718305
276,0.29910822919718305
277,0.3104542771460688
278,0.32458494543954586
279,0.3488529699565263
280,0.3126292281554497
281,0.32549264562243296
282,0.3214832562351725
283,0.31154175265075923
284,0.31154175265075923
285,0.32408655823585975
286,0.28393963676884715
287,0.3252342680307727
288,0.3252342680307727
289,0.3252342680307727
290,0.319441205250644
291,0.3379540631414905
292,0.284800950998611
293,0.319441205250644
294,0.319441205250644
295,0.3118295481681908
296,0.29886285943599417
297,0.3203355464402595
298,0.2997651359755582
299,0.2997651359755582
300,0.306301496969953
301,0.3104542771460688
302,0.3104542771460688
303,0.3126292281554497
304,0.3126292281554497
305,0.31448312277747736
306,0.32100737932289425
307,0.32740921904015363
308,0.3104542771460688
309,0.3098049545548419
310,0.3098049545548419
311,0.3133354129825644
312,0.33384256522270206
313,0.3104542771460688
314,0.3104542771460688
315,0.3104542771460688
316,0.32849270701727296
317,0.31545496963920394
318,0.29656538825717993
319,0.3104542771460688
320,0.3104542771460688
321,0.3112034577542667
322,0.3104542771460688
323,0.32408655823585975
324,0.3104542771460688
325,0.3104542771460688
326,0.31021905333022903
327,0.3243431660349577
328,0.3104542771460688
329,0.31021905333022903
330,0.3047353228977028
331,0.3047353228977028
332,0.3243431660349577
333,0.24325737452621826
334,0.306301496969953
335,0.2976528637618704
336,0.2845849937344085
337,0.30582279840239324
338,0.2915956146170119
339,0.28152642386151266
340,0.28412150133035907
341,0.2832118401439074
342,0.27028597169579804
343,0.283425679976489
344,0.283425679976489
345,0.29751461988304095
346,0.29289670213971697
347,0.29289670213971697
348,0.27028597169579804
349,0.27028597169579804
350,0.2970793450495381
351,0.29656538825717993
352,0.32173008401401876
353,0.3104542771460688
354,0.3104542771460688
355,0.2928826431734526
356,0.2772505763684274
357,0.306301496969953
358,0.3135920207816623
359,0.3135920207816623
360,0.31545496963920394
361,0.2845131554811794
362,0.29257915264573986
363,0.283425679976489
364,0.283425679976489
365,0.2576981703296143
366,0.2563970828069092
367,0.26375002398337977
368,0.29257915264573986
369,0.29257915264573986
370,0.28573387258571903
371,0.30582279840239324
372,0.30582279840239324
373,0.2866138778820534
374,0.2916666666666667
375,0.27083787861030517
376,0.2847267674991941
377,0.2847267674991941
378,0.3104542771460688
379,0.31154175265075923
380,0.27083787861030517
381,0.3159177546822527
382,0.3113065288349195
383,0.3113065288349195
384,0.284174860584687
385,0.2973145688653779
386,0.2861020385213161
387,0.2871070261762202
388,0.2871070261762202
389,0.27046783625730997
390,0.2854759481073921
391,0.28393963676884715
392,0.284174860584687
393,0.284174860584687
394,0.2854759481073921
395,0.2578818357051682
396,0.28412150133035907
397,0.27994065923458
398,0.27994065923458
399,0.293343653250774
400,0.284174860584687
401,0.28412150133035907
402,0.2563970828069092
403,0.31067251461988304
404,0.26526415991101093
405,0.2866138778820534
406,0.27028597169579804
407,0.3104542771460688
408,0.3047353228977028
409,0.2854946549208601
410,0.2854946549208601
411,0.31154175265075923
412,0.29865254965770227
413,0.283425679976489
414,0.2843567251461988
415,0.2843567251461988
416,0.2915956146170119
417,0.2979406592793019
418,0.2845008718233891
419,0.29656538825717993
420,0.293343653250774
421,0.293343653250774
422,0.2843567251461988
423,0.2786377708978328
424,0.2715870592185032
425,0.2847267674991941
426,0.2847267674991941
427,0.284174860584687
428,0.284174860584687
429,0.2984524986400392
430,0.2915956146170119
431,0.3104542771460688
432,0.3104542771460688
433,0.284174860584687
434,0.306301496969953
435,0.2865418118142574
436,0.283425679976489
437,0.2915956146170119
438,0.3112034577542667
439,0.3112034577542667
440,0.27028597169579804
441,0.2970793450495381
442,0.293343653250774
443,0.284800950998611
444,0.284800950998611
445,0.29656538825717993
446,0.283425679976489
447,0.2911072001925834
448,0.31400449917757167
449,0.31400449917757167
450,0.2716612427179201
451,0.2783840022470969
452,0.24504086349496923
453,0.26505111150608485
454,0.26505111150608485
455,0.26375002398337977
456,0.28009394021537376
457,0.2878449478770253
458,0.3206583012844413
459,0.26375002398337977
460,0.2786227959566103
461,0.2786227959566103
462,0.2563970828069092
463,0.27845590633632095
464,0.32174577678913174
465,0.2716612427179201
466,0.2716612427179201
467,0.2716612427179201
468,0.30582279840239324
469,0.28393963676884715
470,0.2759338738945093
471,0.27028597169579804
472,0.27028597169579804
473,0.28573387258571903
474,0.2800964052936168
475,0.2915956146170119
476,0.28393963676884715
477,0.28393963676884715
478,0.29282809785620706
479,0.3076059713092901
480,0.29409763895368546
481,0.2928259804245862
482,0.2915956146170119
483,0.2915956146170119
484,0.27688973226407065
485,0.3088642361840253
486,0.30153376301335183
487,0.31021905333022903
488,0.31159220692073014
489,0.31159220692073014
490,0.2930645077349645
491,0.27028597169579804
492,0.319441205250644
493,0.284174860584687
494,0.284174860584687
495,0.3104542771460688
496,0.292804596441328
497,0.2843567251461988
498,0.2970793450495381
499,0.2970793450495381
500,0.3120945597500818
501,0.29656538825717993
502,0.3104542771460688
503,0.3112034577542667
504,0.3243431660349577
505,0.27046783625730997
506,0.29656538825717993
507,0.29656538825717993
508,0.2849286193308992
509,0.3104542771460688
510,0.284800950998611
511,0.2798589955915521
512,0.2798589955915521
513,0.31021905333022903
514,0.3104542771460688
515,0.28412150133035907
516,0.27720321396071157
517,0.2828304676011977
518,0.2850873465637601
519,0.2973145688653779
520,0.3104542771460688
521,0.28362573099415206
522,0.23026315789473684
523,0.27028597169579804
524,0.3047353228977028
525,0.27025399642472836
526,0.27028597169579804
527,0.2695367910876001
528,0.2580146548152372
529,0.27007213186321644
530,0.2654798761609907
531,0.2654798761609907
532,0.283425679976489
533,0.2573099415204678
534,0.2573099415204678
535,0.283425679976489
536,0.283425679976489
537,0.283425679976489
538,0.2712465914434009
539,0.2717707245940571
540,0.27046783625730997
541,0.27046783625730997
542,0.29727939606720116
543,0.27184310727943195
544,0.2832118401439074
545,0.27253562312288265
546,0.27253562312288265
547,0.27062426659229055
548,0.26393188854489164
549,0.2915956146170119
550,0.26375002398337977
551,0.26375002398337977
552,0.2589297523838581
553,0.2580146548152372
554,0.2720588235294118
555,0.2871070261762202
556,0.2871070261762202
557,0.27007213186321644
558,0.29289670213971697
559,0.28393963676884715
560,0.28393963676884715
561,0.2885631954937611
562,0.284174860584687
563,0.2915956146170119
564,0.25077399380804954
565,0.2931617886892621
566,0.284174860584687
567,0.28629310451722
568,0.28629310451722
569,0.26505111150608485
570,0.2915956146170119
571,0.2931617886892621
572,0.2737686238852126
573,0.2737686238852126
574,0.2871070261762202
575,0.27028597169579804
576,0.27240114382327896
577,0.22291021671826625
578,0.2563970828069092
579,0.2563970828069092
580,0.27442747793480005
581,0.319441205250644
582,0.29960137749134974
583,0.3104542771460688
584,0.3104542771460688
585,0.2854759481073921
586,0.3047353228977028
587,0.303453947368421
588,0.3009745310818509
589,0.3009745310818509
590,0.30202886579336385
591,0.2661284446414807
592,0.30153376301335183
593,0.28412150133035907
594,0.28412150133035907
595,0.31916205973483447
596,0.3067050351430308
597,0.2721727520376167
598,0.2563970828069092
599,0.2931617886892621
600,0.3060223514541435
601,0.2931617886892621
602,0.27845590633632095
603,0.27845590633632095
604,0.2796557941982899
605,0.28412150133035907
606,0.27845590633632095
607,0.27845590633632095
608,0.27845590633632095
609,0.2854759481073921
610,0.26375002398337977
611,0.2871070261762202
612,0.2928826431734526
613,0.2928826431734526
614,0.27845590633632095
615,0.3047353228977028
616,0.2576981703296143
617,0.27028597169579804
618,0.27028597169579804
619,0.27845590633632095
620,0.27845590633632095
621,0.2706170330822724
622,0.2852407242915523
623,0.2852407242915523
624,0.28080431273099526
625,0.28412150133035907
626,0.2563970828069092
627,0.3060223514541435
628,0.3060223514541435
629,0.2915956146170119
630,0.3120945597500818
631,0.284800950998611
632,0.27845590633632095
633,0.27845590633632095
634,0.2931617886892621
635,0.3074373982520394
636,0.3018129085291613
637,0.2928826431734526
638,0.2941837306961577
639,0.2941837306961577
640,0.28393963676884715
641,0.26375002398337977
642,0.2931617886892621
643,0.2576981703296143
644,0.2871070261762202
645,0.2871070261762202
646,0.29960137749134974
647,0.2791530487998998
648,0.3009745310818509
649,0.3009745310818509
650,0.2885631954937611
651,0.2928826431734526
652,0.2648227197204226
653,0.20805884271611558
654,0.20805884271611558
655,0.18627450980392157
656,0.20805884271611558
657,0.22453002758165652
658,0.22256171014846804
659,0.22256171014846804
660,0.22936848563732937
661,0.25077399380804954
662,0.2773500981126146
663,0.25810688316271
664,0.2576981703296143
665,0.27028597169579804
666,0.285550131606809
667,0.27028597169579804
668,0.27028597169579804
669,0.27028597169579804
670,0.283425679976489
671,0.2978071416744779
672,0.25810688316271
673,0.29868983988749986
674,0.283425679976489
675,0.283425679976489
676,0.31021905333022903
677,0.2716612427179201
678,0.28393963676884715
679,0.2973145688653779
680,0.2973145688653779
681,0.28393963676884715
682,0.27028597169579804
683,0.2843567251461988
684,0.2852407242915523
685,0.2852407242915523
686,0.2854759481073921
687,0.293343653250774
688,0.2854759481073921
689,0.2854759481073921
690,0.2854759481073921
691,0.27046783625730997
692,0.2717707245940571
693,0.26393188854489164
694,0.2795032252082902
695,0.2944628762119672
696,0.2944628762119672
697,0.28393963676884715
698,0.2594079706854151
699,0.31661626369921536
700,0.26375002398337977
701,0.26375002398337977
702,0.26393188854489164
703,0.2563970828069092
704,0.30153376301335183
705,0.2563970828069092
706,0.2563970828069092
707,0.30153376301335183
708,0.2652061933009207
709,0.3001606094228507
710,0.2573099415204678
711,0.2573099415204678
712,0.28393963676884715
713,0.2726171010874815
714,0.3017497202775543
715,0.2652261075102548
716,0.2652261075102548
717,0.28393963676884715
718,0.2715870592185032
719,0.2884745062381538
720,0.25714626341510716
721,0.25714626341510716
722,0.2928259804245862
723,0.2928826431734526
724,0.2930645077349645
725,0.30723734723437635
726,0.30723734723437635
727,0.2786377708978328
728,0.27046783625730997
729,0.284174860584687
730,0.2716612427179201
731,0.27820213768558505
732,0.2873229834404227
733,0.31568041343479203
734,0.31568041343479203
735,0.27845590633632095
736,0.2716612427179201
737,0.27845590633632095
738,0.27007213186321644
739,0.27007213186321644
740,0.2434640522875817
741,0.2737686238852126
742,0.2984640484528531
743,0.26375002398337977
744,0.26375002398337977
745,0.29727939606720116
746,0.2587159125512765
747,0.2852407242915523
748,0.283425679976489
749,0.283425679976489
750,0.2871070261762202
751,0.2695367910876001
752,0.29656538825717993
753,0.29656538825717993
754,0.284174860584687
755,0.2576981703296143
756,0.2973145688653779
757,0.2563970828069092
758,0.2563970828069092
759,0.3104542771460688
760,0.2915956146170119
761,0.27028597169579804
762,0.27028597169579804
763,0.2997031318927734
764,0.2788580197724501
765,0.2973145688653779
766,0.3104542771460688
767,0.3036238694932894
768,0.2649691308835612
769,0.22136222910216719
770,0.20233988846774958
771,0.1942947565616373
772,0.23173523825385536
773,0.23011766624552735
774,0.237318990437487
775,0.237318990437487
776,0.2866254276948673
777,0.2715870592185032
778,0.24325737452621826
779,0.24325737452621826
780,0.2854759481073921
781,0.2523164416296141
782,0.2563970828069092
783,0.2854759481073921
784,0.2854759481073921
785,0.285550131606809
786,0.2843567251461988
787,0.29751461988304095
788,0.27028597169579804
789,0.27184310727943195
790,0.27184310727943195
791,0.28393963676884715
792,0.2979406592793019
793,0.27395657104740834
794,0.24342105263157893
795,0.24342105263157893
796,0.24342105263157893
797,0.23782091146691198
798,0.2854759481073921
799,0.29289670213971697
800,0.29289670213971697
801,0.26559868924468977
802,0.2563970828069092
803,0.2715870592185032
804,0.27007213186321644
805,0.27007213186321644
806,0.2594079706854151
807,0.3120945597500818
808,0.2976528637618704
809,0.31154175265075923
810,0.31154175265075923
811,0.28362573099415206
812,0.3243431660349577
813,0.284800950998611
814,0.284174860584687
815,0.284174860584687
816,0.3113065288349195
817,0.2987403392665608
818,0.31377870774292493
819,0.3104542771460688
820,0.3104542771460688
821,0.30465711037712434
822,0.31094684995516886
823,0.30465711037712434
824,0.2923756648922581
825,0.2923756648922581
826,0.32651811704433853
827,0.3035008169782446
828,0.29840204437006834
829,0.32651811704433853
830,0.31094684995516886
831,0.31094684995516886
832,0.31154175265075923
833,0.3243431660349577
834,0.2984524986400392
835,0.3214832562351725
836,0.3214832562351725
837,0.2918563901089505
838,0.3017640188823273
839,0.2718532327172142
840,0.3126292281554497
841,0.3126292281554497
842,0.29656538825717993
843,0.29276887608802366
844,0.3203355464402595
845,0.31154175265075923
846,0.31154175265075923
847,0.3379540631414905
848,0.32408655823585975
849,0.3254306415396481
850,0.28393963676884715
851,0.32408655823585975
852,0.32408655823585975
853,0.3129170236728812
854,0.3118295481681908
855,0.284174860584687
856,0.2989548514693909
857,0.30121187232931157
858,0.30121187232931157
859,0.3104542771460688
860,0.2847267674991941
861,0.290591768848078
862,0.32632174353546317
863,0.2868532575254843
864,0.28685121912951406
865,0.319441205250644
866,0.3351155373249634
867,0.28393963676884715
868,0.2978071416744779
869,0.30153376301335183
870,0.3133354129825644
871,0.3133354129825644
872,0.28532434017216224
873,0.2970793450495381
874,0.2992132290610511
875,0.292746908661339
876,0.3047353228977028
877,0.31094684995516886
878,0.31094684995516886
879,0.306301496969953
880,0.32549264562243296
881,0.30600794598204906
882,0.2978071416744779
883,0.28412150133035907
884,0.28412150133035907
885,0.312352937341742
886,0.28393963676884715
887,0.319441205250644
888,0.33414708760358514
889,0.28393963676884715
890,0.28393963676884715
891,0.2928826431734526
892,0.2973145688653779
893,0.2973145688653779
894,0.284174860584687
895,0.283425679976489
896,0.283425679976489
897,0.28363375842533123
898,0.30784331255675074
899,0.29656538825717993
900,0.2845131554811794
901,0.2845131554811794
902,0.3047353228977028
903,0.284800950998611
904,0.3104542771460688
905,0.3104542771460688
906,0.3104542771460688
907,0.283425679976489
908,0.29656538825717993
909,0.2973145688653779
910,0.283425679976489
911,0.30061561787184665
912,0.30061561787184665
913,0.2914621452025957
914,0.29656538825717993
915,0.2857319961683208
916,0.29868983988749986
917,0.29671935649008657
918,0.29671935649008657
919,0.29656538825717993
920,0.29656538825717993
921,0.2728881467412083
922,0.2973145688653779
923,0.2973145688653779
924,0.2997031318927734
925,0.2854946549208601
926,0.32100737932289425
927,0.284174860584687
928,0.306301496969953
929,0.32408655823585975
930,0.32408655823585975
931,0.27853604893991946
932,0.2978071416744779
933,0.2845131554811794
934,0.27028597169579804
935,0.2979890062359898
936,0.28339853460949144
937,0.2843567251461988
938,0.2843567251461988
939,0.29822705484445106
940,0.2978071416744779
941,0.2852407242915523
942,0.31094684995516886
943,0.31094684995516886
944,0.3251740337405502
945,0.3122909332589572
946,0.29656538825717993
947,0.3007490872862627
948,0.3104542771460688
949,0.3104542771460688
950,0.283425679976489
951,0.3104542771460688
952,0.33823205492384656
953,0.29134242400842314
954,0.28146949042951386
955,0.28146949042951386
956,0.28870173972056556
957,0.2916211662931107
958,0.31154175265075923
959,0.3104542771460688
960,0.2898710005576416
961,0.31021905333022903
962,0.3104542771460688
963,0.3104542771460688
964,0.32408655823585975
965,0.3104542771460688
966,0.32408655823585975
967,0.3126292281554497
968,0.29656538825717993
969,0.29656538825717993
970,0.2973145688653779
971,0.3118295481681908
972,0.3113065288349195
973,0.313767157930111
974,0.3118295481681908
975,0.3118295481681908
976,0.31159220692073014
977,0.2795032252082902
978,0.3047353228977028
979,0.3104542771460688
980,0.3104542771460688
981,0.32133701074421533
982,0.3104542771460688
983,0.31021905333022903
984,0.31021905333022903
985,0.31021905333022903
986,0.2970793450495381
987,0.3401290141508714
988,0.3015570265148011
989,0.31021905333022903
990,0.3513758718446959
991,0.33823205492384656
992,0.33823205492384656
993,0.3104542771460688
994,0.3024133414735542
995,0.2981668205542285
996,0.3104542771460688
997,0.2798589955915521
998,0.2798589955915521
999,0.3126292281554497
1000,0.2978071416744779
1001,0.3104542771460688
1002,0.31354171413452286
1003,0.31354171413452286
1004,0.31576430198680644
1005,0.2774186267927683
1006,0.3104542771460688
1007,0.3349300407273925
1008,0.3349300407273925
1009,0.30043975493866026
1010,0.32632174353546317
1011,0.284174860584687
1012,0.31400449917757167
1013,0.31400449917757167
1014,0.29290441058657646
1015,0.29861565638808296
1016,0.27028597169579804
1017,0.31154175265075923
1018,0.31154175265075923
1019,0.3243431660349577
1020,0.2761157384560211
1021,0.3074893501999677
1022,0.3104542771460688
1023,0.31021905333022903
1024,0.3243431660349577
1025,0.2923756648922581
1026,0.2923756648922581
1027,0.3251740337405502
1028,0.3172561505830803
1029,0.3036238694932894
1030,0.2727463729764227
1031,0.2727463729764227
1032,0.3113065288349195
1033,0.2978071416744779
1034,0.2967551116994637
1035,0.29806374947357583
1036,0.2979406592793019
1037,0.2973145688653779
1038,0.27028597169579804
1039,0.27028597169579804
1040,0.2759338738945093
1041,0.30235540479361467
1042,0.30235540479361467
1043,0.2995281423671562
1044,0.3118295481681908
1045,0.2761157384560211
1046,0.29727939606720116
1047,0.2973145688653779
1048,0.30465711037712434
1049,0.30465711037712434
1050,0.32549264562243296
1051,0.256578947368421
1052,0.283425679976489
1053,0.283425679976489
1054,0.2721776366131108
1055,0.3015570265148011
1056,0.25830557717302666
1057,0.28591819258853646
1058,0.29168110351360366
1059,0.2846224630330937
1060,0.2846224630330937
1061,0.22616968915823693
1062,0.3017497202775543
1063,0.29794704995783217
1064,0.2960924214686851
1065,0.2960924214686851
1066,0.303210207852569
1067,0.2880944511248944
1068,0.2880937581586393
1069,0.283386263398152
1070,0.283386263398152
1071,0.30090009451318384
1072,0.2890157537204044
1073,0.3016561991845907
1074,0.3141406034205637
1075,0.3141406034205637
1076,0.34508227821138115
1077,0.27007213186321644
1078,0.2997535861627443
1079,0.30351437797859626
1080,0.30351437797859626
1081,0.32545250550458693
1082,0.3083378786103052
1083,0.311366763125142
1084,0.31644047424127253
1085,0.28526921112527204
1086,0.2919479517724788
1087,0.282511021161291
1088,0.28989256323905405
1089,0.28989256323905405
1090,0.2898710005576416
1091,0.3172561505830803
1092,0.34648510624409945
1093,0.29697199716388895
1094,0.29697199716388895
1095,0.30852259108380264
1096,0.31018408019986987
1097,0.31622290969924544
1098,0.30684002760874085
1099,0.30684002760874085
1100,0.2687255294026128
1101,0.30324264408510937
1102,0.2964703583078021
1103,0.2964703583078021
1104,0.3082090702777578
1105,0.29906842936317507
1106,0.2759867689557842
1107,0.3044592737537088
1108,0.3044592737537088
1109,0.32110118362551293
1110,0.3206176776962611
1111,0.2897349806044005
1112,0.2897349806044005
1113,0.26259247481488057
1114,0.3066054202588472
1115,0.3053837394617961
1116,0.30471986069692214
1117,0.30471986069692214
1118,0.29398814987396266
1119,0.29202648977366985
1120,0.3096323411708496
1121,0.3183878399153918
1122,0.3345957118103924
1123,0.2850844631740133
1124,0.2850844631740133
1125,0.33448116551070806
1126,0.31001855897292374
1127,0.3555710027902161
1128,0.333779422107642
1129,0.3333936900060176
1130,0.3333936900060176
1131,0.3096100665884931
1132,0.2872322393339483
1133,0.2901198231071352
1134,0.3048862152581853
1135,0.3048862152581853
1136,0.28930386786854756
1137,0.28867504905630725
1138,0.283732701958342
1139,0.3172561505830803
1140,0.3172561505830803
1141,0.26391390900007394
1142,0.3042006835289701
1143,0.28295271318799414
1144,0.3033886456774496
1145,0.3033886456774496
1146,0.31021905333022903
1147,0.307676499368291
1148,0.33013525101951735
1149,0.26852364363598763
1150,0.3024133414735542
1151,0.3095558319676376
1152,0.31759606328974654
1153,0.30350232213537287
1154,0.30579504015178566
1155,0.3436080597246841
1156,0.3436080597246841
1157,0.3104542771460688
1158,0.3040562995680806
1159,0.33116464846454996
1160,0.2977469989401691
1161,0.2977469989401691
1162,0.3387535407106058
1163,0.3173706194941584
1164,0.3040562995680806
1165,0.3209588665573311
1166,0.3209588665573311
1167,0.3156656373990671
1168,0.3220930720012301
1169,0.3251740337405502
1170,0.2907333212063126
1171,0.2907333212063126
1172,0.2929943198836118
1173,0.28265549226417874
1174,0.32789864964706805
1175,0.3084231605160271
1176,0.3084231605160271
1177,0.30899087278985465
1178,0.2796235244446099
1179,0.29372650049718285
1180,0.27068192097003574
1181,0.27068192097003574
1182,0.3047717463471073
1183,0.29572571425443106
1184,0.3031944498662289
1185,0.2960924214686851
1186,0.3047717463471073
1187,0.3047717463471073
1188,0.321992107441166
1189,0.2954371174239672
1190,0.3177244322891324
1191,0.32408655823585975
1192,0.32408655823585975
1193,0.3055695963561975
1194,0.3166950348440997
1195,0.30548867119874146
1196,0.32188883137874436
1197,0.32188883137874436
1198,0.3194371012618282
1199,0.3177244322891324
1200,0.2943496419192768
1201,0.3106975420931835
1202,0.3106975420931835
1203,0.29784258720415413
1204,0.2903746696979053
1205,0.31909758587963344
1206,0.28969124306974414
1207,0.28969124306974414
1208,0.2959092425688215
1209,0.30179813249343634
1210,0.35218124692687186
1211,0.30889528566088137
1212,0.3156656373990671
1213,0.3156656373990671
1214,0.3069320778997894
1215,0.27738659632166857
1216,0.28420573862331966
1217,0.3029458422883493
1218,0.3029458422883493
1219,0.30857682570465816
1220,0.3178427446390127
1221,0.32469064798021585
1222,0.3095697307390021
1223,0.3095697307390021
1224,0.2900278215064425
1225,0.29449411302216455
1226,0.3077840907885674
1227,0.30372855838411583
1228,0.30372855838411583
1229,0.30179813249343634
1230,0.29449411302216455
1231,0.31647951749834335
1232,0.30904895084951245
1233,0.30904895084951245
1234,0.3234372356446329
1235,0.29249030086224104
1236,0.32045751828210467
1237,0.32045751828210467
1238,0.31828939146691526
1239,0.30560698354862176
1240,0.295581588526855
1241,0.3083765894914624
1242,0.3083765894914624
1243,0.3103516375798775
1244,0.30961278912640416
1245,0.3066363809936544
1246,0.295581588526855
1247,0.295581588526855
1248,0.31644047424127253
1249,0.2704683089520211
1250,0.29125410122729933
1251,0.2848442168676538
1252,0.2848442168676538
1253,0.32408655823585975
1254,0.31828939146691526
1255,0.31828939146691526
1256,0.31828939146691526
1257,0.3254597118263609
1258,0.2970793450495381
1259,0.21637426900584794
1260,0.21637426900584794
1261,0.23009125101515018
1262,0.21764705882352942
1263,0.2265147120178402
1264,0.2852407242915523
1265,0.2852407242915523
1266,0.2636750490563073
1267,0.2704683089520211
1268,0.31654957634697956
1269,0.2984524986400392
1270,0.2984524986400392
1271,0.3194371012618282
1272,0.3168133471939801
1273,0.31828939146691526
1274,0.28842425958397333
1275,0.28842425958397333
1276,0.3194371012618282
1277,0.31828939146691526
1278,0.30373850546327236
1279,0.2943496419192768
1280,0.30279864824992164
1281,0.30279864824992164
1282,0.30857682570465816
1283,0.3171101489907401
1284,0.3289875412246044
1285,0.3069320778997894
1286,0.3172561505830803
1287,0.30600794598204906
1288,0.3372262665165507
1289,0.3372262665165507
1290,0.2772349614172144
1291,0.31122256908934925
1292,0.330016938669637
1293,0.3289875412246044
1294,0.2902139527411656
1295,0.2902139527411656
1296,0.3181041115991644
1297,0.30425706996647484
1298,0.3078160168477019
1299,0.3096100665884931
1300,0.297900665263812
1301,0.3251740337405502
1302,0.3251740337405502
1303,0.33036840638723225
1304,0.3289875412246044
1305,0.29552351046719716
1306,0.31828939146691526
1307,0.31828939146691526
1308,0.33816007683261007
1309,0.2687255294026128
1310,0.3022132904558911
1311,0.3372262665165507
1312,0.3372262665165507
1313,0.283425679976489
1314,0.3120945597500818
1315,0.3166950348440997
1316,0.3096100665884931
1317,0.3096100665884931
1318,0.3032276725214422
1319,0.3032276725214422
1320,0.32408655823585975
1321,0.3120945597500818
1322,0.3120945597500818
1323,0.3234372356446329
1324,0.26996172903755455
1325,0.3365228337093882
1326,0.3365228337093882
1327,0.3047717463471073
1328,0.27002661692531793
1329,0.32959455322671316
1330,0.2972743864827714
1331,0.3172561505830803
1332,0.30857682570465816
1333,0.29076822148823545
1334,0.29076822148823545
1335,0.2900770107426876
1336,0.31110722979447036
1337,0.2568256727419879
1338,0.26320572983926915
1339,0.26320572983926915
1340,0.2947141329049848
1341,0.30173443936383004
1342,0.2930073198238162
1343,0.28019544824634823
1344,0.28019544824634823
1345,0.321898723294459
1346,0.27608017451890327
1347,0.28310143731824544
1348,0.28310143731824544
1349,0.30857682570465816
1350,0.33438312753043203
1351,0.2925082990780249
1352,0.3095558319676376
1353,0.32408655823585975
1354,0.32408655823585975
1355,0.3089034923523923
1356,0.2950763916632042
1357,0.3046018534832867
1358,0.3095558319676376
1359,0.3095558319676376
1360,0.31686967055796444
1361,0.31038413121753294
1362,0.32766759663181383
1363,0.33816007683261007
1364,0.33816007683261007
1365,0.3545365436673267
1366,0.3396822052079731
1367,0.3181768886935973
1368,0.3311094543734613
1369,0.3311094543734613
1370,0.3170998749428068
1371,0.3287109444910872
1372,0.35249020322845825
1373,0.36083311932875506
1374,0.36083311932875506
1375,0.3418506527717781
1376,0.36637909211734715
1377,0.3425662256140233
1378,0.35687616814073897
1379,0.31937004277741426
1380,0.31861542525065334
1381,0.2220511503561569
1382,0.209894285778789
1383,0.16666666666666666
1384,0.22413046473855092
1385,0.23106825974378842
1386,0.2842993156485978
1387,0.31318203525477223
1388,0.2997651359755582
1389,0.3039300132949365
1390,0.3039300132949365
1391,0.3122946107677449
1392,0.316004910825474
1393,0.3244662375458919
1394,0.32408655823585975
1395,0.35515168797779695
1396,0.35515168797779695
1397,0.32651811704433853
1398,0.31752794974596293
1399,0.359671385549355
1400,0.359671385549355
1401,0.3539965190565021
1402,0.31752794974596293
1403,0.31686967055796444
1404,0.31796162436104064
1405,0.31796162436104064
1406,0.31774919753403363
1407,0.31644047424127253
1408,0.3017640188823273
1409,0.3307532143967607
1410,0.31644047424127253
1411,0.31644047424127253
1412,0.32849270701727296
1413,0.32849270701727296
1414,0.3395216861063766
1415,0.3278433844260461
1416,0.3278433844260461
1417,0.3298646702467959
1418,0.3298022362378284
1419,0.3295801825219634
1420,0.3046018534832867
1421,0.34380736630734476
1422,0.34380736630734476
1423,0.329664233734942
1424,0.3155712362103963
1425,0.28867842081757195
1426,0.3312054784573947
1427,0.3312054784573947
1428,0.30330076596058153
1429,0.32849270701727296
1430,0.31644047424127253
1431,0.31666021687221496
1432,0.34316847653277005
1433,0.34316847653277005
1434,0.329664233734942
1435,0.33051399283802274
1436,0.31644047424127253
1437,0.31644047424127253
1438,0.316878627154736
1439,0.34180483709627907
1440,0.31579115165004557
1441,0.3537926345064751
1442,0.3537926345064751
1443,0.35026743752060757
1444,0.3278433844260461
1445,0.316878627154736
1446,0.32981660645192884
1447,0.31644047424127253
1448,0.31644047424127253
1449,0.3027055535852903
1450,0.3197029007553438
1451,0.3197029007553438
1452,0.31796162436104064
1453,0.316878627154736
1454,0.3035008169782446
1455,0.3212639748729815
1456,0.3330767255342354
1457,0.3330767255342354
1458,0.3277892742101105
1459,0.30395253089205976
1460,0.34458751143477306
1461,0.3344229919371871
1462,0.3199737544359408
1463,0.3298022362378284
1464,0.32017649936829107
1465,0.32017649936829107
1466,0.32872913094723843
1467,0.3278433844260461
1468,0.31535299873658207
1469,0.3199737544359408
1470,0.32849270701727296
1471,0.32849270701727296
1472,0.32849270701727296
1473,0.3162868090526414
1474,0.33394118855966476
1475,0.33301122373825154
1476,0.33301122373825154
1477,0.33394118855966476
1478,0.3277892742101105
1479,0.3096100665884931
1480,0.34273480191769234
1481,0.3074893501999677
1482,0.3016180780805998
1483,0.31535299873658207
1484,0.31470367614535516
1485,0.31752794974596293
1486,0.3456749869394635
1487,0.3456749869394635
1488,0.3037930290899807
1489,0.2932988901361109
1490,0.3298022362378284
1491,0.3277892742101105
1492,0.31752794974596293
1493,0.31752794974596293
1494,0.3288722714164151
1495,0.31644047424127253
1496,0.3298646702467959
1497,0.31752794974596293
1498,0.31752794974596293
1499,0.33051399283802274
1500,0.3074893501999677
1501,0.3197029007553438
1502,0.3135728760084698
1503,0.3037930290899807
1504,0.3037930290899807
1505,0.30684002760874085
1506,0.31780922733484707
1507,0.3096643012093486
1508,0.34490975292707327
1509,0.34490975292707327
1510,0.31470367614535516
1511,0.3208609937274355
1512,0.33197718724720926
1513,0.3039968048423472
1514,0.32942651733333234
1515,0.32942651733333234
1516,0.32996422521949137
1517,0.3295801825219634
1518,0.31644047424127253
1519,0.34348713776101747
1520,0.34348713776101747
1521,0.31752794974596293
1522,0.331047222425796
1523,0.31861542525065334
1524,0.32996422521949137
1525,0.32996422521949137
1526,0.3197029007553438
1527,0.31861542525065334
1528,0.32996422521949137
1529,0.31752794974596293
1530,0.31752794974596293
1531,0.35452901501918627
1532,0.34087487227486585
1533,0.34380736630734476
1534,0.34289231260096953
1535,0.30351437797859626
1536,0.30351437797859626
1537,0.33000937883865533
1538,0.31752794974596293
1539,0.3074893501999677
1540,0.3074893501999677
1541,0.31758789657534653
1542,0.32942651733333234
1543,0.31752794974596293
1544,0.3298646702467959
1545,0.3046018534832867
1546,0.3046018534832867
1547,0.31752794974596293
1548,0.32892638163235066
1549,0.30617175585172807
1550,0.3298022362378284
1551,0.3191043215315921
1552,0.31535299873658207
1553,0.31535299873658207
1554,0.31752794974596293
1555,0.3409289824908014
1556,0.34087487227486585
1557,0.3277892742101105
1558,0.3277892742101105
1559,0.3101364263542029
1560,0.3298022362378284
1561,0.3311868890118384
1562,0.31796162436104064
1563,0.31796162436104064
1564,0.30183631555441404
1565,0.32849270701727296
1566,0.3197628475847274
1567,0.34210050920847046
1568,0.34210050920847046
1569,0.3050310497999786
1570,0.3111658237992355
1571,0.31992414854341455
1572,0.3089065093764107
1573,0.3089065093764107
1574,0.30371622981030133
1575,0.3149219136191694
1576,0.3266002152994999
1577,0.2960924214686851
1578,0.304388241465272
1579,0.307676499368291
1580,0.307676499368291
1581,0.30183631555441404
1582,0.32318194632915653
1583,0.3320306646594051
1584,0.31796162436104064
1585,0.31796162436104064
1586,0.3170998749428068
1587,0.32996422521949137
1588,0.34397978810566
1589,0.304001283140733
1590,0.304001283140733
1591,0.3095558319676376
1592,0.31861542525065334
1593,0.30264696507096883
1594,0.3039968048423472
1595,0.3039968048423472
1596,0.31535299873658207
1597,0.34490975292707327
1598,0.31752794974596293
1599,0.31752794974596293
1600,0.31470367614535516
1601,0.33197718724720926
1602,0.31686967055796444
1603,0.3219385877012141
1604,0.31861542525065334
1605,0.31861542525065334
1606,0.31795714606265485
1607,0.33197718724720926
1608,0.31687414885635024
1609,0.32996422521949137
1610,0.32996422521949137
1611,0.3218942346112704
1612,0.31752794974596293
1613,0.316878627154736
1614,0.316878627154736
1615,0.3162203479667375
1616,0.31644047424127253
1617,0.3074893501999677
1618,0.3037930290899807
1619,0.30617175585172807
1620,0.3050842803470376
1621,0.31579115165004557
1622,0.31579115165004557
1623,0.316878627154736
1624,0.33051399283802274
1625,0.3089065093764107
1626,0.2910751868780567
1627,0.2960924214686851
1628,0.2960924214686851
1629,0.30876397487298146
1630,0.3306676580266539
1631,0.3199737544359408
1632,0.3199737544359408
1633,0.316878627154736
1634,0.3155712362103963
1635,0.2950049459639946
1636,0.31470367614535516
1637,0.30684002760874085
1638,0.30684002760874085
1639,0.31007834829454506
1640,0.31774618721977715
1641,0.316878627154736
1642,0.30857682570465816
1643,0.2897253471066784
1644,0.2897253471066784
1645,0.2961331563057329
1646,0.33197718724720926
1647,0.3392511941701357
1648,0.3298022362378284
1649,0.3298022362378284
1650,0.31904462156734525
1651,0.32269554024832847
1652,0.31752794974596293
1653,0.30698016148150087
1654,0.3090060220213501
1655,0.3090060220213501
1656,0.31073979802599033
1657,0.31055154050084327
1658,0.304388241465272
1659,0.2990080437031756
1660,0.2990080437031756
1661,0.31752794974596293
1662,0.316878627154736
1663,0.31535299873658207
1664,0.31644047424127253
1665,0.3016180780805998
1666,0.3016180780805998
1667,0.32872913094723843
1668,0.3199737544359408
1669,0.3074893501999677
1670,0.296521617785377
1671,0.296521617785377
1672,0.25693242358252555
1673,0.1961542448002453
1674,0.19444444444444445
1675,0.22936109187662476
1676,0.22936109187662476
1677,0.22953216374269003
1678,0.2640952531365235
1679,0.29194993003360903
1680,0.2668828943715297
1681,0.29717989697337555
1682,0.29717989697337555
1683,0.31752794974596293
1684,0.31644047424127253
1685,0.27002661692531793
1686,0.2993950960109092
1687,0.2993950960109092
1688,0.3219385877012141
1689,0.3022132904558911
1690,0.29375442954398545
1691,0.2994493374921522
1692,0.2994493374921522
1693,0.3197029007553438
1694,0.33051399283802274
1695,0.31752794974596293
1696,0.31601089428098805
1697,0.31601089428098805
1698,0.2950049459639946
1699,0.30857682570465816
1700,0.31752794974596293
1701,0.2972743864827714
1702,0.2972743864827714
1703,0.27533866151921793
1704,0.2914621452025957
1705,0.3020517526956775
1706,0.31992414854341455
1707,0.3682566754559762
1708,0.3682566754559762
1709,0.3288722714164151
1710,0.29086693282730447
1711,0.29991115153324066
1712,0.304001283140733
1713,0.304001283140733
1714,0.30589268597681046
1715,0.31752794974596293
1716,0.3046018534832867
1717,0.29276323272530086
1718,0.29276323272530086
1719,0.29058597742454495
1720,0.3191043215315921
1721,0.3298022362378284
1722,0.31686967055796444
1723,0.31686967055796444
1724,0.3558745101983833
1725,0.29344901657788514
1726,0.3050842803470376
1727,0.2648498805326105
1728,0.2648498805326105
1729,0.32746945333037614
1730,0.31644047424127253
1731,0.32849270701727296
1732,0.3138143734215636
1733,0.3155712362103963
1734,0.31752794974596293
1735,0.32408655823585975
1736,0.3425662256140233
1737,0.29772470201509943
1738,0.31021905333022903
1739,0.31535299873658207
1740,0.32746945333037614
1741,0.30371622981030133
1742,0.30371622981030133
1743,0.31535299873658207
1744,0.2892918196490144
1745,0.31318203525477223
1746,0.29924787741493486
1747,0.3344498791247365
1748,0.3344498791247365
1749,0.29056266487234494
1750,0.35302533875061237
1751,0.2791530487998998
1752,0.26526415991101093
1753,0.26526415991101093
1754,0.2777777777777778
1755,0.28362573099415206
1756,0.32408655823585975
1757,0.3328201177351375
1758,0.32626150924524067
1759,0.32626150924524067
1760,0.2997530801323348
1761,0.3055555555555556
1762,0.31223588163465055
1763,0.32456140350877194
1764,0.32456140350877194
1765,0.32456140350877194
1766,0.3608545033120132
1767,0.3440477283013105
1768,0.3344828129208086
1769,0.3295801825219634
1770,0.3005143165837562
1771,0.3005143165837562
1772,0.3309055871137475
1773,0.3309055871137475
1774,0.32687586102961175
1775,0.32651811704433853
1776,0.35268129242509294
1777,0.3353721451240613
1778,0.2941991340150873
1779,0.31708790803177866
1780,0.33422443532914836
1781,0.33422443532914836
1782,0.3141364517281981
1783,0.31774618721977715
1784,0.31774618721977715
1785,0.31987687451923563
1786,0.33947073496287283
1787,0.33947073496287283
1788,0.32651811704433853
1789,0.33974872674522894
1790,0.33974872674522894
1791,0.33974872674522894
1792,0.33974872674522894
1793,0.25774116119454815
1794,0.2145165782423558
1795,0.2145165782423558
1796,0.22581010284578235
1797,0.23009125101515018
1798,0.23009125101515018
1799,0.18381084401545555
1800,0.18381084401545555
1801,0.23036240782651923
1802,0.22838408314798653
1803,0.23009125101515018
1804,0.21734419825978385
1805,0.21734419825978385
1806,0.2077653267088934
1807,0.2097197414516246
1808,0.21041611785849554
1809,0.22188007849009164
1810,0.22838408314798653
1811,0.22579685416512407
1812,0.22546548609048422
1813,0.22546548609048422
1814,0.20289945958518435
1815,0.20208645900294747
1816,0.2270015820915826
1817,0.2145165782423558
1818,0.2145165782423558
1819,0.21197012770008383
1820,0.1687922191583452
1821,0.1687922191583452
1822,0.1998360727544882
1823,0.18740595351507988
1824,0.18740595351507988
1825,0.20164332556695563
1826,0.20164332556695563
1827,0.2080125735844609
1828,0.19780300669211004
1829,0.19780300669211004
1830,0.1998360727544882
1831,0.2285551550140518
1832,0.2285551550140518
1833,0.2097197414516246
1834,0.2097197414516246
1835,0.2098694293344317
1836,0.2138746495261842
1837,0.2138746495261842
1838,0.21388121571563407
1839,0.2154107455272826
1840,0.2139137819068123
1841,0.21370357766011894
1842,0.21370357766011894
1843,0.2154107455272826
1844,0.18740595351507988
1845,0.18740595351507988
1846,0.22546811857912147
1847,0.22546811857912147
1848,0.17353844860944917
1849,0.1826562539212077
1850,0.1826562539212077
1851,0.19810262279445312
1852,0.21789314855324657
1853,0.21789314855324657
1854,0.20303123362750153
1855,0.20303123362750153
1856,0.18027756377319948
1857,0.2154107455272826
1858,0.2154107455272826
1859,0.21692012251639042
1860,0.21862992287219124
1861,0.21862992287219124
1862,0.18835072813963394
1863,0.17141636626053885
1864,0.17141636626053885
1865,0.2235872463572553
1866,0.2235872463572553
1867,0.20236807871795554
1868,0.22838408314798653
1869,0.22838408314798653
1870,0.20466511326633083
1871,0.20514984583364362
1872,0.22413046473855092
1873,0.18265972406397593
1874,0.18265972406397593
1875,0.19652722896960667
1876,0.20505027832496786
1877,0.20505027832496786
1878,0.223070908083062
1879,0.16642286259611017
1880,0.16642286259611017
1881,0.21370357766011894
1882,0.23026495536985264
1883,0.23026495536985264
1884,0.2102629598329202
1885,0.20379362687011113
1886,0.20379362687011113
1887,0.2154107455272826
1888,0.2154107455272826
1889,0.2154107455272826
1890,0.2097197414516246
1891,0.2097197414516246
1892,0.17605254073242657
1893,0.2235872463572553
1894,0.2235872463572553
1895,0.19810262279445312
1896,0.19810262279445312
1897,0.21405228758169934
1898,0.1942947565616373
1899,0.1942947565616373
1900,0.20154324062165185
1901,0.2080125735844609
1902,0.2080125735844609
1903,0.21317613086651838
1904,0.22838408314798653
1905,0.22838408314798653
1906,0.18027756377319948
1907,0.1842351178888224
1908,0.1842351178888224
1909,0.20380777259327046
1910,0.2317984188823138
1911,0.2317984188823138
1912,0.21197012770008383
1913,0.21370357766011894
1914,0.21370357766011894
1915,0.2097197414516246
1916,0.2097197414516246
1917,0.21711791339444622
1918,0.1998360727544882
1919,0.1998360727544882
1920,0.23009125101515018
1921,0.18609687174840644
1922,0.18609687174840644
1923,0.22919708373022338
1924,0.2010157938280513
1925,0.2010157938280513
1926,0.21711791339444622
1927,0.21711791339444622
1928,0.21488329873368203
1929,0.17353844860944917
1930,0.17353844860944917
1931,0.20208645900294747
1932,0.18609687174840644
1933,0.18609687174840644
1934,0.1780430651386462
1935,0.19046934034577603
1936,0.19046934034577603
1937,0.1965486129528648
1938,0.1965486129528648
1939,0.21692012251639042
1940,0.23080901140527932
1941,0.23080901140527932
1942,0.2097197414516246
1943,0.223078733187056
1944,0.223078733187056
1945,0.23558926135058836
1946,0.2176752774989012
1947,0.2176752774989012
1948,0.18596856784885746
1949,0.19849134950332314
1950,0.19849134950332314
1951,0.16641005886756874
1952,0.20208645900294747
1953,0.20208645900294747
1954,0.20208645900294747
1955,0.20208645900294747
1956,0.19585223654599385
1957,0.18835072813963394
1958,0.18835072813963394
1959,0.2317984188823138
1960,0.2439587559207809
1961,0.1941450686788302
1962,0.1941450686788302
1963,0.20453556921821026
1964,0.20949877666892847
1965,0.20949877666892847
1966,0.2080125735844609
1967,0.2080125735844609
1968,0.21150703853123734
1969,0.21370357766011894
1970,0.21370357766011894
1971,0.19384980753771294
1972,0.1941450686788302
1973,0.1941450686788302
1974,0.20208645900294747
1975,0.20208645900294747
1976,0.20171217023492227
1977,0.1998360727544882
1978,0.1998360727544882
1979,0.19384980753771294
1980,0.22376095071195778
1981,0.22376095071195778
1982,0.213214206398401
1983,0.213214206398401
1984,0.18252795002165875
1985,0.2097197414516246
1986,0.2097197414516246
1987,0.18027756377319948
1988,0.21317613086651838
1989,0.21317613086651838
1990,0.2097197414516246
1991,0.2097197414516246
1992,0.2154107455272826
1993,0.1998360727544882
1994,0.1998360727544882
1995,0.20208645900294747
1996,0.16641005886756874
1997,0.16641005886756874
1998,0.18596856784885746
1999,0.18252795002165875
2000,0.18252795002165875
2001,0.19635906838823752
2002,0.18596856784885746
2003,0.18596856784885746
2004,0.23574758339572238
2005,0.23574758339572238
2006,0.17771018610717992
2007,0.1687922191583452
2008,0.2097197414516246
2009,0.17128806236098987
2010,0.17128806236098987
2011,0.23026495536985264
2012,0.23026495536985264
2013,0.23009125101515018
2014,0.20949877666892847
2015,0.20949877666892847
2016,0.21370357766011894
2017,0.17128806236098987
2018,0.17128806236098987
2019,0.2102629598329202
2020,0.24598357820792793
2021,0.24598357820792793
2022,0.23943340858346962
2023,0.27853604893991946
2024,0.27853604893991946
2025,0.3071304346956778
2026,0.3071304346956778
2027,0.3258269240850371
2028,0.32585983785634004
2029,0.32585983785634004
2030,0.3478174061178577
2031,0.3478174061178577
2032,0.3256716516709007
2033,0.33024580276862076
2034,0.33024580276862076
2035,0.38048979993642185
2036,0.3560816527992102
2037,0.3560816527992102
2038,0.35701546311526955
2039,0.3560816527992102
2040,0.3560816527992102
2041,0.342792757628274
2042,0.33866572953892427
2043,0.33866572953892427
2044,0.28412619715664045
2045,0.33873221192009495
2046,0.3141364517281981
2047,0.3141364517281981
2048,0.3141364517281981
2049,0.3141364517281981
2050,0.29073223724180286
2051,0.3141364517281981
2052,0.3141364517281981
2053,0.32585983785634004
2054,0.3117577249664507
2055,0.3117577249664507
2056,0.3141364517281981
2057,0.32924414902370236
2058,0.32924414902370236
2059,0.3247768406500354
2060,0.3247768406500354
2061,0.3129869721407228
2062,0.31197094896745114
2063,0.31197094896745114
2064,0.3111802255769639
2065,0.3111802255769639
2066,0.32549264562243296
2067,0.3196594946070559
2068,0.3196594946070559
2069,0.33866572953892427
2070,0.31796105698889304
2071,0.31796105698889304
2072,0.31851001501958065
2073,0.3256032300572421
2074,0.3138780741365379
2075,0.32585983785634004
2076,0.33231395577893647
2077,0.33231395577893647
2078,0.32408655823585975
2079,0.32408655823585975
2080,0.353668345367669
2081,0.33873221192009495
2082,0.33873221192009495
2083,0.3480937100273414
2084,0.3480937100273414
2085,0.3311094543734613
2086,0.34503215337018067
2087,0.34503215337018067
2088,0.35268129242509294
2089,0.34620284466782536
2090,0.34620284466782536
2091,0.3265801211271234
2092,0.32789864964706805
2093,0.32789864964706805
2094,0.31197094896745114
2095,0.36662726943514456
2096,0.36662726943514456
2097,0.36548718410767717
2098,0.3281587970312906
2099,0.3281587970312906
2100,0.33974872674522894
2101,0.338792403536204
2102,0.338792403536204
2103,0.3518178099848503
2104,0.3518178099848503
2105,0.3685442871991339
2106,0.3665701813139818
2107,0.3665701813139818
2108,0.35338883387241377
2109,0.3234372356446329
2110,0.3234372356446329
2111,0.32585983785634004
2112,0.32700931744381534
2113,0.32700931744381534
2114,0.33974872674522894
2115,0.33974872674522894
2116,0.338792403536204
2117,0.3267509398521551
2118,0.3267509398521551
2119,0.32585983785634004
2120,0.32700931744381534
2121,0.32700931744381534
2122,0.32593002926256087
2123,0.32593002926256087
2124,0.32651811704433853
2125,0.3265801211271234
2126,0.3265801211271234
2127,0.35240330064273684
2128,0.33346343536641176
2129,0.33346343536641176
2130,0.3461178965382923
2131,0.3210193235845667
2132,0.3210193235845667
2133,0.30482009095710094
2134,0.2980150860455293
2135,0.2980150860455293
2136,0.34185894731221467
2137,0.3431783684484847
2138,0.3431783684484847
2139,0.3188351678815958
2140,0.3188351678815958
2141,0.33974872674522894
2142,0.350668330397375
2143,0.350668330397375
2144,0.3126292281554497
2145,0.35268129242509294
2146,0.35268129242509294
2147,0.3422543870825855
2148,0.3538307720125682
2149,0.3538307720125682
2150,0.31774618721977715
2151,0.31774618721977715
2152,0.33974872674522894
2153,0.3431783684484847
2154,0.3431783684484847
2155,0.35268129242509294
2156,0.29671935649008657
2157,0.29671935649008657
2158,0.2532245123736411
2159,0.24001873444635746
2160,0.24001873444635746
2161,0.25714626341510716
2162,0.28031236255781933
2163,0.28031236255781933
2164,0.2729623302406252
2165,0.2729623302406252
2166,0.33652162471153657
2167,0.32766759663181383
2168,0.32766759663181383
2169,0.35268129242509294
2170,0.35268129242509294
2171,0.3181768886935973
2172,0.3256032300572421
2173,0.3256032300572421
2174,0.3267509398521551
2175,0.33434224611050056
2176,0.33434224611050056
2177,0.338792403536204
2178,0.2983804325722432
2179,0.2983804325722432
2180,0.28588842650330143
2181,0.2775639379451962
2182,0.2775639379451962
2183,0.2777777777777778
2184,0.2777777777777778
2185,0.251375271022122
2186,0.23762845561758852
2187,0.23762845561758852
2188,0.1941450686788302
2189,0.23574758339572238
2190,0.23574758339572238
2191,0.2237583182233206
2192,0.2235872463572553
2193,0.2235872463572553
2194,0.3207627157854688
2195,0.3207627157854688
2196,0.32698429622547087
2197,0.3579569544472649
2198,0.3579569544472649
2199,0.31409919366398076
2200,0.35640918364074625
2201,0.35640918364074625
2202,0.32860247718298263
2203,0.32860247718298263
2204,0.3030047913332531
2205,0.3199976476849886
2206,0.3199976476849886
2207,0.3123004791598254
2208,0.3207627157854688
2209,0.3207627157854688
2210,0.3410147981259293
2211,0.3121731878609997
2212,0.3121731878609997
2213,0.3269159047468557
2214,0.3195995292246445
2215,0.3195995292246445
2216,0.3207627157854688
2217,0.3207627157854688
2218,0.30732183098626314
2219,0.2808213292396766
2220,0.2808213292396766
2221,0.2902192002897962
2222,0.3207472390195575
2223,0.3207472390195575
2224,0.29155115783661434
2225,0.29155115783661434
2226,0.2875459575437671
2227,0.3305705319917196
2228,0.26345814306271875
2229,0.26345814306271875
2230,0.3205420848644051
2231,0.29952034122555804
2232,0.29952034122555804
2233,0.21874546856958071
2234,0.21874546856958071
2235,0.2727463729764227
2236,0.2323175911492697
2237,0.2323175911492697
2238,0.26218256570925724
2239,0.26218256570925724
2240,0.1756260130621577
2241,0.263978210532163
2242,0.209252322924255
2243,0.209252322924255
2244,0.20339635139478385
2245,0.20339635139478385
2246,0.2583114368705952
2247,0.2583114368705952
2248,0.37003406287758106
2249,0.37003406287758106
2250,0.37020393165289445
2251,0.3697794524914645
2252,0.3697794524914645
2253,0.37908651783818
2254,0.3252342680307727
2255,0.3252342680307727
2256,0.3266411885552727
2257,0.3266411885552727
2258,0.3207627157854688
2259,0.31644047424127253
2260,0.31644047424127253
2261,0.33760594582658277
2262,0.32408655823585975
2263,0.32408655823585975
2264,0.3254306415396481
2265,0.3645495948666295
2266,0.3645495948666295
2267,0.33837397631146365
2268,0.33837397631146365
2269,0.36990508509098696
2270,0.3095558319676376
2271,0.3095558319676376
2272,0.3259658300053541
2273,0.31644047424127253
2274,0.31644047424127253
2275,0.27743501243487745
2276,0.3252342680307727
2277,0.3252342680307727
2278,0.31644047424127253
2279,0.32632174353546317
2280,0.32632174353546317
2281,0.32545250550458693
2282,0.31665871171508675
2283,0.31665871171508675
2284,0.32408655823585975
2285,0.31861542525065334
2286,0.3316014683427132
2287,0.3316014683427132
2288,0.31114690097283193
2289,0.3447411766234041
2290,0.3447411766234041
2291,0.31752794974596293
2292,0.31644047424127253
2293,0.31644047424127253
2294,0.30330076596058153
2295,0.30330076596058153
2296,0.31861542525065334
2297,0.35109377142218146
2298,0.35109377142218146
2299,0.2860899826780927
2300,0.2849286193308992
2301,0.2849286193308992
2302,0.2850010020162741
2303,0.2850010020162741
2304,0.29868983988749986
2305,0.293343653250774
2306,0.293343653250774
2307,0.2857319961683208
2308,0.27994065923458
2309,0.27994065923458
2310,0.26526415991101093
2311,0.26526415991101093
2312,0.29282809785620706
2313,0.29282809785620706
2314,0.2716612427179201
2315,0.24342105263157893
2316,0.24342105263157893
2317,0.2800942194073919
2318,0.2800942194073919
2319,0.27046783625730997
2320,0.3048862152581853
2321,0.3048862152581853
2322,0.3252342680307727
2323,0.3212809725715737
2324,0.3212809725715737
2325,0.33268894384740366
2326,0.31622290969924544
2327,0.31622290969924544
2328,0.30857682570465816
2329,0.352595240077079
2330,0.2943496419192768
2331,0.2943496419192768
2332,0.32456140350877194
2333,0.3037205596091871
2334,0.3037205596091871
2335,0.32408655823585975
2336,0.32408655823585975
2337,0.29815889675311613
2338,0.29902813478399237
2339,0.29902813478399237
2340,0.284800950998611
2341,0.3104542771460688
2342,0.3104542771460688
2343,0.28573387258571903
2344,0.31965944272445823
2345,0.31965944272445823
2346,0.2631578947368421
2347,0.26559868924468977
2348,0.26559868924468977
2349,0.259591636060969
2350,0.259591636060969
2351,0.2858740254138902
2352,0.3037326154524105
2353,0.3037326154524105
2354,0.28526921112527204
2355,0.28526921112527204
2356,0.2573099415204678
2357,0.22953216374269003
2358,0.22953216374269003
2359,0.2854759481073921
2360,0.3203355464402595
2361,0.3203355464402595
2362,0.2777777777777778
2363,0.2777777777777778
2364,0.251375271022122
2365,0.2638888888888889
2366,0.2638888888888889
2367,0.2930419376887887
2368,0.2577723538290312
2369,0.2577723538290312
2370,0.28594771241830064
2371,0.2712418300653595
2372,0.2712418300653595
2373,0.27101343827969715
2374,0.2577596451095987
2375,0.2577596451095987
2376,0.28341189116157045
2377,0.28341189116157045
2378,0.2832118401439074
2379,0.2916666666666667
2380,0.2916666666666667
2381,0.277542553961938
2382,0.2712418300653595
2383,0.2712418300653595
2384,0.27025399642472836
2385,0.27025399642472836
2386,0.27101343827969715
2387,0.27101343827969715
2388,0.2873229834404227
2389,0.2808679340234233
2390,0.2808679340234233
2391,0.27101343827969715
2392,0.28569394376756474
2393,0.28569394376756474
2394,0.27101343827969715
2395,0.24425129671540813
2396,0.24425129671540813
2397,0.26369643303956547
2398,0.22858709806857525
2399,0.22858709806857525
2400,0.2434640522875817
2401,0.2434640522875817
2402,0.26369643303956547
2403,0.251375271022122
2404,0.251375271022122
2405,0.24980754415067657
2406,0.2571245493908083
2407,0.2571245493908083
2408,0.2496150883013531
2409,0.2571245493908083
2410,0.2571245493908083
2411,0.2391619191300497
2412,0.28573387258571903
2413,0.28573387258571903
2414,0.27845590633632095
2415,0.2914314428508269
2416,0.2914314428508269
2417,0.2712418300653595
2418,0.27101343827969715
2419,0.33422620512171064
2420,0.33422620512171064
2421,0.3208197154665664
2422,0.3208197154665664
2423,0.2925907566087464
2424,0.29281614625414193
2425,0.29281614625414193
2426,0.3194444444444444
2427,0.3194444444444444
2428,0.2916666666666667
2429,0.2712418300653595
2430,0.2712418300653595
2431,0.289231003429299
2432,0.289231003429299
2433,0.2870692147896868
2434,0.2870692147896868
2435,0.3194444444444444
2436,0.3194444444444444
2437,0.3053203317397158
2438,0.3053203317397158
2439,0.2718050548786759
2440,0.3205939240319197
2441,0.3205939240319197
2442,0.3328201177351375
2443,0.3328201177351375
2444,0.2916666666666667
2445,0.2928259804245862
2446,0.2928259804245862
2447,0.3189526128295067
2448,0.3189526128295067
2449,0.29397546001206143
2450,0.29397546001206143
2451,0.2930419376887887
2452,0.2930419376887887
2453,0.3142633381443212
2454,0.32565038417059056
2455,0.32565038417059056
2456,0.3284313725490196
2457,0.3284313725490196
2458,0.3243431660349577
2459,0.2998366013071896
2460,0.31545496963920394
2461,0.31545496963920394
2462,0.2916666666666667
2463,0.3145424836601307
2464,0.3145424836601307
2465,0.32408655823585975
2466,0.32408655823585975
2467,0.330884401909646
2468,0.36722178370729985
2469,0.36722178370729985
2470,0.354982052286179
2471,0.3306277941105481
2472,0.3306277941105481
2473,0.35866103003152333
2474,0.31796743500784785
2475,0.31796743500784785
2476,0.33400070200812637
2477,0.33400070200812637
2478,0.31644047424127253
2479,0.32456140350877194
2480,0.32456140350877194
2481,0.3377028691611381
2482,0.340983092706737
2483,0.340983092706737
2484,0.32959455322671316
2485,0.36884564217540505
2486,0.36884564217540505
2487,0.31644047424127253
2488,0.2260780151977556
2489,0.19840810119147279
2490,0.19840810119147279
2491,0.20473923650818654
2492,0.21214612665286398
2493,0.21214612665286398
2494,0.2727463729764227
2495,0.2727463729764227
2496,0.27832243692190484
2497,0.35335427880166914
2498,0.35335427880166914
2499,0.3252342680307727
2500,0.3882901373576604
2501,0.3882901373576604
2502,0.35039033861501895
2503,0.35039033861501895
2504,0.35036597479724163
2505,0.3553241097761122
2506,0.3553241097761122
2507,0.35036597479724163
2508,0.35036597479724163
2509,0.3800720510678569
2510,0.33051399283802274
2511,0.33051399283802274
2512,0.3440286140954155
2513,0.3447411766234041
2514,0.3447411766234041
2515,0.32298171011596083
2516,0.3425662256140233
2517,0.3425662256140233
2518,0.31752794974596293
2519,0.31752794974596293
2520,0.37810098460850305
2521,0.3236835851852433
2522,0.3416324152979639
2523,0.3416324152979639
2524,0.3265801211271234
2525,0.3265801211271234
2526,0.31752794974596293
2527,0.2903611086975537
2528,0.2903611086975537
2529,0.2916621962202588
2530,0.3056772731447537
2531,0.3056772731447537
2532,0.32549264562243296
2533,0.29186555320909213
2534,0.29186555320909213
2535,0.2903611086975537
2536,0.2903611086975537
2537,0.3214832562351725
2538,0.3133354129825644
2539,0.3133354129825644
2540,0.28636850812086456
2541,0.28636850812086456
2542,0.32179892297754265
2543,0.2938180603710149
2544,0.2938180603710149
2545,0.2644208590920595
2546,0.29930610289230114
2547,0.29930610289230114
2548,0.312466539926319
2549,0.2938180603710149
2550,0.2938180603710149
2551,0.3031384589270324
2552,0.3031384589270324
2553,0.30780457227260094
2554,0.33422443532914836
2555,0.33422443532914836
2556,0.27859426038075163
2557,0.3019297477529159
2558,0.3019297477529159
2559,0.32771882792394974
2560,0.28116002216033503
2561,0.28116002216033503
2562,0.3158382172844435
2563,0.3057452789978393
2564,0.3057452789978393
2565,0.3117357251516114
2566,0.2994679080769337
2567,0.2994679080769337
2568,0.2764216587255226
2569,0.27775366138748
2570,0.2890318379842489
2571,0.2668422860139968
2572,0.2600395758113375
2573,0.2600395758113375
2574,0.27626529200673056
2575,0.2952642558087271
2576,0.2729623302406252
2577,0.2729623302406252
2578,0.25823993404769097
2579,0.285600403171303
2580,0.2841346782020804
2581,0.30465711037712434
2582,0.30465711037712434
2583,0.29860360054485957
2584,0.29860360054485957
2585,0.29842710586211413
2586,0.30723734723437635
2587,0.30723734723437635
2588,0.31088670722086004
2589,0.3157866733516598
2590,0.32114239509550085
2591,0.2699308051308144
2592,0.2699308051308144
2593,0.30068722525403446
2594,0.3044304794574249
2595,0.26502638712686
2596,0.2571517102029962
2597,0.2571517102029962
2598,0.28031236255781933
2599,0.25585598064755344
2600,0.2587638354234352
2601,0.2585269812251182
2602,0.2585269812251182
2603,0.23797951468050232
2604,0.29187468630713387
2605,0.26611606744901406
2606,0.29909808325183396
2607,0.29909808325183396
2608,0.3059879856303468
2609,0.2782951559821021
2610,0.30291931276071865
2611,0.25275498142567243
2612,0.25275498142567243
2613,0.2975671298805514
2614,0.2978023536963912
2615,0.2928259804245862
2616,0.2787125873751498
2617,0.2787125873751498
2618,0.3018129085291613
2619,0.28363375842533123
2620,0.2925907566087464
2621,0.30576357519602276
2622,0.28646509062262493
2623,0.2789370915356973
2624,0.2789370915356973
2625,0.2933335244584662
2626,0.3008918274597566
2627,0.2506023263338574
2628,0.3000446209476567
2629,0.3000446209476567
2630,0.24961508830135312
2631,0.29236531281315825
2632,0.30210682323998944
2633,0.2782951559821021
2634,0.3000446209476567
2635,0.3000446209476567
2636,0.2919488210551512
2637,0.3158382172844435
2638,0.29373846640365936
2639,0.29373846640365936
2640,0.26485574679748497
2641,0.2933156805548062
2642,0.2780813161495205
2643,0.2563970828069092
2644,0.2563970828069092
2645,0.2585269812251182
2646,0.2571517102029962
2647,0.2651897610741475
2648,0.2651897610741475
2649,0.2868532575254843
2650,0.2789370915356973
2651,0.3018129085291613
2652,0.292184044870991
2653,0.292804596441328
2654,0.2854759481073921
2655,0.29257915264573986
2656,0.3071304346956778
2657,0.3018129085291613
2658,0.3203355464402595
2659,0.30646804153462875
2660,0.2782951559821021
2661,0.3203257664200079
2662,0.3030300045629587
2663,0.3030300045629587
2664,0.29420125144670817
2665,0.29840204437006834
2666,0.2978023536963912
2667,0.2978023536963912
2668,0.2789370915356973
2669,0.3030300045629587
2670,0.3189526128295067
2671,0.284929487980774
2672,0.284929487980774
2673,0.3134404128464324
2674,0.3007490872862627
2675,0.27967042700422406
2676,0.3024307003993918
2677,0.3024307003993918
2678,0.30253783247522115
2679,0.3059879856303468
2680,0.28792125994016593
2681,0.2978023536963912
2682,0.32408655823585975
2683,0.32408655823585975
2684,0.2970793450495381
2685,0.292804596441328
2686,0.3066934853302169
2687,0.29881837686966284
2688,0.29881837686966284
2689,0.3064582615143771
2690,0.2839134648075023
2691,0.2978023536963912
2692,0.292184044870991
2693,0.292184044870991
2694,0.3192092206286047
2695,0.293952306236241
2696,0.2854243896671062
2697,0.2975671298805514
2698,0.2975671298805514
2699,0.2919488210551512
2700,0.3064582615143771
2701,0.292184044870991
2702,0.2925907566087464
2703,0.2925907566087464
2704,0.32124803241933264
2705,0.2782951559821021
2706,0.31154175265075923
2707,0.2941991340150873
2708,0.2941991340150873
2709,0.3364516591420729
2710,0.3021744189438198
2711,0.2925907566087464
2712,0.29417986746345004
2713,0.29417986746345004
2714,0.27967042700422406
2715,0.3067892818009663
2716,0.2775639379451962
2717,0.27104059909188505
2718,0.29671935649008657
2719,0.2782951559821021
2720,0.2782951559821021
2721,0.2792711058123598
2722,0.3126292281554497
2723,0.292184044870991
2724,0.33396782753005044
2725,0.30646804153462875
2726,0.2925907566087464
2727,0.2925907566087464
2728,0.29840204437006834
2729,0.3203355464402595
2730,0.3126292281554497
2731,0.3126292281554497
2732,0.2842993156485978
2733,0.2852407242915523
2734,0.29881837686966284
2735,0.31181044439454436
2736,0.31181044439454436
2737,0.31181044439454436
2738,0.2933335244584662
2739,0.30646804153462875
2740,0.29871483967546436
2741,0.29871483967546436
2742,0.30784296491769214
2743,0.2789370915356973
2744,0.3066934853302169
2745,0.2928259804245862
2746,0.2928259804245862
2747,0.2925907566087464
2748,0.2919488210551512
2749,0.2789370915356973
2750,0.3053203317397158
2751,0.25844735093781224
2752,0.25844735093781224
2753,0.3030154870849273
2754,0.2987403392665608
2755,0.2925907566087464
2756,0.2925907566087464
2757,0.3201003226244197
2758,0.32058237421910574
2759,0.2852407242915523
2760,0.2852407242915523
2761,0.3009745310818509
2762,0.2782951559821021
2763,0.2928259804245862
2764,0.27967042700422406
2765,0.27967042700422406
2766,0.2850873465637601
2767,0.2989402834710525
2768,0.25907344135173627
2769,0.2715870592185032
2770,0.2715870592185032
2771,0.2871070261762202
2772,0.2748662978141023
2773,0.27385731314081996
2774,0.292184044870991
2775,0.292184044870991
2776,0.2654036009067291
2777,0.28783195012228
2778,0.28573387258571903
2779,0.292804596441328
2780,0.292804596441328
2781,0.30117097297556616
2782,0.3064582615143771
2783,0.27331976689651605
2784,0.2941991340150873
2785,0.2941991340150873
2786,0.28646509062262493
2787,0.29257915264573986
2788,0.2976528637618704
2789,0.28509823112296995
2790,0.28509823112296995
2791,0.3002690313819808
2792,0.2928259804245862
2793,0.3203355464402595
2794,0.30645826151437716
2795,0.30645826151437716
2796,0.2925907566087464
2797,0.2715870592185032
2798,0.29840204437006834
2799,0.29840204437006834
2800,0.3007490872862627
2801,0.32932247454483465
2802,0.19825231067726024
2803,0.15885794312158158
2804,0.15885794312158158
2805,0.2154107455272826
2806,0.23009125101515018
2807,0.2511806977411777
2808,0.2866278137298961
2809,0.2866278137298961
2810,0.292804596441328
2811,0.31545496963920394
2812,0.31965246408491166
2813,0.3060729337598799
2814,0.292184044870991
2815,0.3247768406500354
2816,0.30117097297556616
2817,0.325580131474169
2818,0.32149516415390755
2819,0.31203432545985926
2820,0.31203432545985926
2821,0.3201003226244197
2822,0.293550904370646
2823,0.293550904370646
2824,0.29355931589311296
2825,0.29355931589311296
2826,0.30576357519602276
2827,0.292184044870991
2828,0.30784119512512986
2829,0.3345988539095985
2830,0.3345988539095985
2831,0.3247768406500354
2832,0.31475050330059795
2833,0.292184044870991
2834,0.292184044870991
2835,0.293550904370646
2836,0.32173185380658104
2837,0.30253783247522115
2838,0.3334564048442675
2839,0.3205286807553344
2840,0.3205286807553344
2841,0.33422443532914836
2842,0.3353739149166236
2843,0.3210193235845667
2844,0.3492610340129502
2845,0.3353721451240613
2846,0.3294563856535391
2847,0.3334564048442675
2848,0.3210193235845667
2849,0.3345988539095985
2850,0.3345988539095985
2851,0.3334877716257685
2852,0.3134404128464324
2853,0.32191042558038174
2854,0.3484877427984874
2855,0.32592632023751067
2856,0.32592632023751067
2857,0.3351155373249634
2858,0.3122909332589572
2859,0.3482097510161313
2860,0.3066934853302169
2861,0.3066934853302169
2862,0.3334564048442675
2863,0.32937627370698
2864,0.31965246408491166
2865,0.32855444405995377
2866,0.292184044870991
2867,0.292184044870991
2868,0.3214832562351725
2869,0.34326032641289494
2870,0.3158768553285073
2871,0.30576357519602276
2872,0.32058237421910574
2873,0.32058237421910574
2874,0.34295580403201187
2875,0.31469576821911244
2876,0.31682812322970505
2877,0.34487154431180567
2878,0.3334564048442675
2879,0.3172437148281624
2880,0.31682812322970505
2881,0.3089791248997912
2882,0.3193958562858137
2883,0.33534098112055155
2884,0.34734529373315637
2885,0.34734529373315637
2886,0.30576357519602276
2887,0.3345988539095985
2888,0.30117097297556616
2889,0.2997094788654779
2890,0.2997094788654779
2891,0.33122948320176315
2892,0.329856329611262
2893,0.329856329611262
2894,0.30689521087983807
2895,0.30689521087983807
2896,0.307183185460437
2897,0.30253783247522115
2898,0.329856329611262
2899,0.3071304346956778
2900,0.3071304346956778
2901,0.30689521087983807
2902,0.32076797651505073
2903,0.31143463478618216
2904,0.31143463478618216
2905,0.3210193235845667
2906,0.3151758241233944
2907,0.3058163259607819
2908,0.329856329611262
2909,0.3204800019344518
2910,0.34440277547822595
2911,0.32147347621492084
2912,0.32173008401401876
2913,0.32173008401401876
2914,0.32173008401401876
2915,0.32147347621492084
2916,0.30646804153462875
2917,0.3058163259607819
2918,0.30153376301335183
2919,0.2933219746456523
2920,0.2933219746456523
2921,0.3349082124734556
2922,0.2925907566087464
2923,0.30784119512512986
2924,0.3151758241233944
2925,0.3151758241233944
2926,0.2871070261762202
2927,0.30689521087983807
2928,0.29355931589311296
2929,0.3203355464402595
2930,0.3304701843397476
2931,0.3304701843397476
2932,0.3203355464402595
2933,0.30623281771878896
2934,0.3066934853302169
2935,0.31545496963920394
2936,0.29309653085006415
2937,0.29309653085006415
2938,0.3066934853302169
2939,0.3230914199694067
2940,0.2868532575254843
2941,0.329856329611262
2942,0.329856329611262
2943,0.30646804153462875
2944,0.30784119512512986
2945,0.31806992021192027
2946,0.31806992021192027
2947,0.3089791248997912
2948,0.31540126791898254
2949,0.30784296491769214
2950,0.2933156805548062
2951,0.28899215298147934
2952,0.2933219746456523
2953,0.2933219746456523
2954,0.3069015049706841
2955,0.29309653085006415
2956,0.2944633903497192
2957,0.2919488210551512
2958,0.2919488210551512
2959,0.28621132197188903
2960,0.329856329611262
2961,0.2794544697400216
2962,0.29468883414530733
2963,0.29468883414530733
2964,0.2933219746456523
2965,0.2919488210551512
2966,0.2919488210551512
2967,0.23713086883801615
2968,0.2650695866300665
2969,0.2939639101992475
2970,0.27331976689651605
2971,0.24329298042151642
2972,0.22477807595022564
2973,0.2391619191300497
2974,0.24278446725131714
2975,0.254068563349519
2976,0.27298575261985353
2977,0.25893592371669205
2978,0.2588676531943108
2979,0.24329298042151642
2980,0.22838408314798653
2981,0.24425541822882446
2982,0.24477175650301777
2983,0.253528975233722
2984,0.2515147120178402
2985,0.2515147120178402
2986,0.2650482026468084
2987,0.27385731314081996
2988,0.24306458863585412
2989,0.23745475126288607
2990,0.22838408314798653
2991,0.18596856784885746
2992,0.20514984583364362
2993,0.21847413235797872
2994,0.20514984583364362
2995,0.22188007849009164
2996,0.1941450686788302
2997,0.1941450686788302
2998,0.21370357766011894
2999,0.22838408314798653
3000,0.2285551550140518
3001,0.23026495536985264
3002,0.23026495536985264
3003,0.21983825173445432
3004,0.209385727174962
3005,0.2405350727205508
3006,0.2405350727205508
3007,0.22188007849009164
3008,0.23882790485338712
3009,0.25830524713198594
3010,0.22717791893492228
3011,0.22717791893492228
3012,0.2511806977411777
3013,0.24961508830135312
3014,0.24961508830135312
3015,0.25318309891868385
3016,0.25318309891868385
3017,0.223070908083062
3018,0.22188007849009164
3019,0.2511806977411777
3020,0.25893592371669205
3021,0.23764983960084668
3022,0.23764983960084668
3023,0.2235872463572553
3024,0.223070908083062
3025,0.25830524713198594
3026,0.25830524713198594
3027,0.2464789243701814
3028,0.2528878656083413
3029,0.2787232517031157
3030,0.2644062670932132
3031,0.2644062670932132
3032,0.2919488210551512
3033,0.2794544697400216
3034,0.2528904980969785
3035,0.22529441422441893
3036,0.22529441422441893
3037,0.2602408067848119
3038,0.23574758339572238
3039,0.2577450941237217
3040,0.23831939168318783
3041,0.23831156657919383
3042,0.2513222561685168
3043,0.2513222561685168
3044,0.24576600873324833
3045,0.2405350727205508
3046,0.2464789243701814
3047,0.2648557467974849
3048,0.26144019396826224
3049,0.26144019396826224
3050,0.22648524381738927
3051,0.2405350727205508
3052,0.2391619191300497
3053,0.25269540975901783
3054,0.2650482026468084
3055,0.2650482026468084
3056,0.23316035441285993
3057,0.23574758339572238
3058,0.2235872463572553
3059,0.2814695588841179
3060,0.22529441422441898
3061,0.2557757312166826
3062,0.22957491274095687
3063,0.2679360682551497
3064,0.2509882418918542
3065,0.2270015820915826
3066,0.2270015820915826
3067,0.2464789243701814
3068,0.24477175650301777
3069,0.2521092132477035
3070,0.2235872463572553
3071,0.2235872463572553
3072,0.24500014828868008
3073,0.2509882418918542
3074,0.2145165782423558
3075,0.22376095071195778
3076,0.22376095071195778
3077,0.22529441422441893
3078,0.1941450686788302
3079,0.2557757312166826
3080,0.2376472071122095
3081,0.2376472071122095
3082,0.2665629146646486
3083,0.2511806977411777
3084,0.22529441422441893
3085,0.22529441422441893
3086,0.2081836454505262
3087,0.24961508830135312
3088,0.2145165782423558
3089,0.23370575664008506
3090,0.24225158805361724
3091,0.24225158805361724
3092,0.23574758339572238
3093,0.2509882418918542
3094,0.24225158805361724
3095,0.24961508830135312
3096,0.22188007849009167
3097,0.2557757312166826
3098,0.2515147120178402
3099,0.2523613954823553
3100,0.21331041402929155
3101,0.1941450686788302
3102,0.2515173445064774
3103,0.25830524713198594
3104,0.27240114382327896
3105,0.19585223654599385
3106,0.23574758339572238
3107,0.23574758339572238
3108,0.2391619191300497
3109,0.2391619191300497
3110,0.23882790485338712
3111,0.2235872463572553
3112,0.24255607546565483
3113,0.23019133596045396
3114,0.21711791339444622
3115,0.2270015820915826
3116,0.2270015820915826
3117,0.22620440602360886
3118,0.20990152791192662
3119,0.20627602989607513
3120,0.21813108386729066
3121,0.1975594044131575
3122,0.22188007849009167
3123,0.22188007849009167
3124,0.21558838358279772
3125,0.2600124149991496
3126,0.24211709905575113
3127,0.23009125101515018
3128,0.2132863975573962
3129,0.24001873444635746
3130,0.21367729556724752
3131,0.21313407718595187
3132,0.23882790485338715
